,prophet
2020-01-03,0.1964382024289589
2020-01-10,0.2695483597477438
2020-01-17,0.31932993693643796
2020-01-24,0.3381815916623548
2020-01-31,0.3385002442957927
2020-02-07,0.3422914516448577
2020-02-14,0.3620057412149895
2020-02-21,0.3900008790688796
2020-02-28,0.4070106232530703
2020-03-06,0.4015284043806945
2020-03-13,0.3810254878731757
2020-03-20,0.36440390474880113
2020-03-27,0.3641958315214068
2020-04-03,0.3764871966949202
2020-04-10,0.38710146774079635
2020-04-17,0.38569583019180687
2020-04-24,0.37340488434094193
2020-05-01,0.35903433298391063
2020-05-08,0.3509237426888513
2020-05-15,0.3530820884109671
2020-05-22,0.3661948088036011
2020-05-29,0.3885062229635253
2020-06-05,0.41480508361443325
2020-06-12,0.4373130047640694
2020-06-19,0.45094439010350074
2020-06-26,0.4584094828382075
2020-07-03,0.4682300306246
2020-07-10,0.48597179510482935
2020-07-17,0.5077882145701752
2020-07-24,0.5240907070957846
2020-07-31,0.529943463124818
2020-08-07,0.5305850876287621
2020-08-14,0.535610969402744
2020-08-21,0.5483553710909336
2020-08-28,0.5626453113495595
2020-09-04,0.5705690073686704
2020-09-11,0.5721732532675481
2020-09-18,0.5759331679529248
2020-09-25,0.5895664735556416
2020-10-02,0.6115586459216463
2020-10-09,0.6324457358091518
2020-10-16,0.6437694503805372
2020-10-23,0.6448414973848718
2020-10-30,0.6410587807904446
2020-11-06,0.6370703717058643
2020-11-13,0.6325687931596833
2020-11-20,0.6243040102411386
2020-11-27,0.6113863470103695
2020-12-04,0.5989328264427287
2020-12-11,0.5976322261745508
2020-12-18,0.619292931838344
2020-12-25,0.6697340281325528
2021-01-01,0.742284343337145
2021-01-08,0.8174641499914787
2021-01-15,0.8725432110246902
2021-01-22,0.896546483353236
2021-01-29,0.8985979730456959
2021-02-05,0.9003504753074926
2021-02-12,0.9172080523520129
2021-02-19,0.9450477326186646
2021-02-26,0.9653355285886082
2021-03-05,0.9638818510760678
2021-03-12,0.9447859343342445
2021-03-19,0.9261527402968163
2021-03-26,0.9228238335039045
2021-04-02,0.9338135078684876
2021-04-09,0.9457695812525712
2021-04-16,0.9467697951599323
2021-04-23,0.9358911779946631
2021-04-30,0.9211830437758457
2021-05-07,0.9115377546144164
2021-05-14,0.9117466227514676
2021-05-21,0.9229581840577733
2021-05-28,0.9439014062976319
2021-06-04,0.9700367506380917
2021-06-11,0.9937665230962476
2021-06-18,1.0090407549583063
2021-06-25,1.0170607108176402
2021-07-02,1.025843461715025
2021-07-09,1.0421694951707423
2021-07-16,1.0639266802634155
2021-07-23,1.0818469471587002
2021-07-30,1.0894661111912214
2021-08-06,1.0903184089409925
2021-08-13,1.0940286319157406
2021-08-20,1.1056285321106463
2021-08-27,1.1203298547366998
2021-09-03,1.1296982512075746
2021-09-10,1.1319711421961567
2021-09-17,1.1346126892389965
2021-09-24,1.1462826422244357
2021-10-01,1.1673475602372214
2021-10-08,1.1892138991074956
2021-10-15,1.1970626260172463
2021-10-22,1.1941777171071954
2021-10-29,1.185324734046721
2021-11-05,1.1757593057447848
2021-11-12,1.1660823830522373
2021-11-19,1.1532054978964168
2021-11-26,1.1354466193701973
2021-12-03,1.1167589853694075
2021-12-10,1.1070596628086231
2021-12-17,1.1136176888988596
2021-12-24,1.1486917526805542
2021-12-31,1.2081205747080281
2022-01-07,1.2742957946488984
2022-01-14,1.3239909689634048
2022-01-21,1.3431519585539362
2022-01-28,1.3373757793848287
2022-02-04,1.327314267631397
2022-02-11,1.330862622079823
2022-02-18,1.3426138790918138
2022-02-25,1.3503997238255256
2022-03-04,1.3378323679697857
2022-03-11,1.3054863423766088
2022-03-18,1.2700655183486882
2022-03-25,1.2482867598521938
2022-04-01,1.2422212552436795
2022-04-08,1.239825308279098
2022-04-15,1.227923523578021
2022-04-22,1.2034525717431077
2022-04-29,1.1687963304253661
2022-05-06,1.1378582246367943
2022-05-13,1.1162423266448087
2022-05-20,1.1056083748586234
2022-05-27,1.1051322516608795
2022-06-03,1.1109411529708084
2022-06-10,1.1157745213858783
2022-06-17,1.1128227313132657
2022-06-24,1.101769718581528
2022-07-01,1.0898464977438662
2022-07-08,1.0847766402081156
2022-07-15,1.086240893552161
2022-07-22,1.0856428291340874
2022-07-29,1.075245016557874
2022-08-05,1.0567396288929025
2022-08-12,1.039403859144288
2022-08-19,1.0297809214186588
2022-08-26,1.0246864230668415
2022-09-02,1.0155288871301247
2022-09-09,0.9988262549226417
2022-09-16,0.9807475554913005
2022-09-23,0.9705614580868656
2022-09-30,0.9704939789239581
2022-10-07,0.9731126737916447
2022-10-14,0.9684898200948124
2022-10-21,0.9528923146356125
2022-10-28,0.9302242523821829
2022-11-04,0.9061700210073835
2022-11-11,0.8822766212886545
2022-11-18,0.8557945730875347
2022-11-25,0.8243963649952244
2022-12-02,0.7908775899515642
2022-12-09,0.7642597032014822
2022-12-16,0.7566717733413586
2022-12-23,0.7769521471521574
2022-12-30,0.8233763807038829
2023-01-06,0.8808900635800256
2023-01-13,0.9258478900132779
2023-01-20,0.9414835717711328
2023-01-27,0.9297164333882979
2023-02-03,0.9095838898654033
2023-02-10,0.9009310095542465
2023-02-17,0.9070815009694514
2023-02-24,0.9128811542096227
2023-03-03,0.9003078185196245
2023-03-10,0.8663791829077659
2023-03-17,0.8292497670639276
2023-03-24,0.8035872236792019
2023-03-31,0.7945458394486605
2023-04-07,0.7918476978206015
2023-04-14,0.7814507599120792
2023-04-21,0.7581376720924502
2023-04-28,0.7275914178529241
2023-05-05,0.6992833005170239
2023-05-12,0.6796354771338231
2023-05-19,0.6743532906632216
2023-05-26,0.6795581271489017
2023-06-02,0.6920194964658708
2023-06-09,0.7049416752050557
2023-06-16,0.7109706014953953
2023-06-23,0.7083170843036842
2023-06-30,0.7031821573243484
2023-07-07,0.7039292497348867
2023-07-14,0.7120206764285568
2023-07-21,0.7222762356365331
2023-07-28,0.7235658425715444
2023-08-04,0.7156750102246826
2023-08-11,0.7071675406968301
2023-08-18,0.70585123308811
2023-08-25,0.7102990680014529
2023-09-01,0.7121350520662135
2023-09-08,0.7063179423758514
2023-09-15,0.6974895771237689
2023-09-22,0.6956846351727629
2023-09-29,0.7043844494753906
2023-10-06,0.7175715932617708
2023-10-13,0.725023875881299
2023-10-20,0.7215257679471911
2023-10-27,0.7099107917104587
2023-11-03,0.6960863355653193
2023-11-10,0.6825439681793143
2023-11-17,0.6670385106242149
2023-11-24,0.646756568247396
2023-12-01,0.6233720322130962
2023-12-08,0.604908862554717
2023-12-15,0.6033353272696375
2023-12-22,0.6286354373009799
2023-12-29,0.6814038422348261
2024-01-05,0.7484795232689729
2024-01-12,0.8071333198830236
2024-01-19,0.838312632987364
2024-01-26,0.8402133311881866
2024-02-02,0.829698199511736
2024-02-09,0.8279604159114885
2024-02-16,0.8420047016501604
2024-02-23,0.8592143941348822
2024-03-01,0.8605565445382167
2024-03-08,0.83958270212196
2024-03-15,0.8085613372912438
2024-03-22,0.7863775236986662
2024-03-29,0.7811886404094772
2024-04-05,0.7848952475080556
2024-04-12,0.7830239762065206
2024-04-19,0.768264064754674
2024-04-26,0.7447199083953614
2024-05-03,0.7218183461506337
2024-05-10,0.706774031183151
2024-05-17,0.7024509575162114
2024-05-24,0.7088567759684464
2024-05-31,0.723365157578161
2024-06-07,0.7397420552100216
2024-06-14,0.7503054011918276
2024-06-21,0.7518851937470182
2024-06-28,0.7494515134760291
2024-07-05,0.7516878570295212
2024-07-12,0.7617586534973293
2024-07-19,0.7733334753762192
2024-07-26,0.7770752804246719
2024-08-02,0.7708737803965353
2024-08-09,0.7622420839048683
2024-08-16,0.7599524469935479
2024-08-23,0.7644166434536956
2024-08-30,0.7678386541602122
2024-09-06,0.763842415379297
2024-09-13,0.7553721501471542
2024-09-20,0.7518329990303031
2024-09-27,0.7588342419769776
2024-10-04,0.7719801220123432
2024-10-11,0.7810766722287017
2024-10-18,0.7795278226014777
2024-10-25,0.7689176220285048
2024-11-01,0.7551496772781189
2024-11-08,0.7416179857849532
2024-11-15,0.7267287889790366
2024-11-22,0.7073553737530729
2024-11-29,0.6841113442771871
2024-12-06,0.6639442698798994
2024-12-13,0.6584680437719054
2024-12-20,0.6785642803314829
2024-12-27,0.7269908316877767
2025-01-03,0.7930371235913178
2025-01-10,0.8549100886260291
2025-01-17,0.8917409200278384
2025-01-24,0.8980593558442702
2025-01-31,0.8880628939015109
2025-02-07,0.8836506698795686
2025-02-14,0.8953180112530835
2025-02-21,0.9134450545952381
2025-02-28,0.9186498805800554
2025-03-07,0.9012293308472691
2025-03-14,0.8705568154320904
2025-03-21,0.8457143874438133
2025-03-28,0.8376762996183402
2025-04-04,0.8408730065287053
2025-04-11,0.8408701304800773
2025-04-18,0.828400816326572
2025-04-25,0.8057684859317064
2025-05-02,0.7820949995339979
2025-05-09,0.7653263967550973
2025-05-16,0.7590248272979
2025-05-23,0.7636150775443097
2025-05-30,0.7770292283613609
2025-06-06,0.7936605839856078
2025-06-13,0.8057079915302043
2025-06-20,0.8087548322947892
2025-06-27,0.8063899167709635
2025-07-04,0.8072915572879097
2025-07-11,0.8161830332565425
