,forecast
2020-01-03,0.43672937
2020-01-10,0.44480926
2020-01-17,0.45288935
2020-01-24,0.44138902
2020-01-31,0.4143936
2020-02-07,0.40786508
2020-02-14,0.39638343
2020-02-21,0.40245244
2020-02-28,0.4318275
2020-03-06,0.40725115
2020-03-13,0.38105893
2020-03-20,0.3231866
2020-03-27,0.2830225
2020-04-03,0.28256735
2020-04-10,0.30550927
2020-04-17,0.32346696
2020-04-24,0.3512309
2020-05-01,0.34222025
2020-05-08,0.352856
2020-05-15,0.3774455
2020-05-22,0.41915348
2020-05-29,0.45566094
2020-06-05,0.46253338
2020-06-12,0.51222456
2020-06-19,0.5069876
2020-06-26,0.51772386
2020-07-03,0.47705466
2020-07-10,0.4716798
2020-07-17,0.47169062
2020-07-24,0.48069036
2020-07-31,0.5153728
2020-08-07,0.5172431
2020-08-14,0.518297
2020-08-21,0.51722443
2020-08-28,0.52000225
2020-09-04,0.52000225
2020-09-11,0.5049283
2020-09-18,0.47540498
2020-09-25,0.5131873
2020-10-02,0.5189483
2020-10-09,0.49033073
2020-10-16,0.5161667
2020-10-23,0.539486
2020-10-30,0.54777
2020-11-06,0.54999614
2020-11-13,0.5600791
2020-11-20,0.5569832
2020-11-27,0.52618504
2020-12-04,0.5596635
2020-12-11,0.5762314
2020-12-18,0.58597183
2020-12-25,0.6201579
2021-01-01,0.6790048
2021-01-08,0.7297482
2021-01-15,0.82181865
2021-01-22,0.90598935
2021-01-29,0.8755027
2021-02-05,0.8767605
2021-02-12,0.8566306
2021-02-19,0.89083683
2021-02-26,0.9309046
2021-03-05,0.94586927
2021-03-12,0.9696743
2021-03-19,0.9283028
2021-03-26,0.90011835
2021-04-02,0.88122183
2021-04-09,0.89659387
2021-04-16,0.85391754
2021-04-23,0.78076786
2021-04-30,0.7570004
2021-05-07,0.837373
2021-05-14,0.7988666
2021-05-21,0.7811243
2021-05-28,0.79568964
2021-06-04,0.9035176
2021-06-11,0.90545344
2021-06-18,0.9375507
2021-06-25,0.9515079
2021-07-02,1.0350446
2021-07-09,1.0899318
2021-07-16,1.1049429
2021-07-23,1.109469
2021-07-30,1.1105795
2021-08-06,1.1231495
2021-08-13,1.1047217
2021-08-20,1.1081501
2021-08-27,1.1008149
2021-09-03,1.1265208
2021-09-10,1.151785
2021-09-17,1.1779718
2021-09-24,1.3127929
2021-10-01,1.3176898
2021-10-08,1.4569585
2021-10-15,1.4514987
2021-10-22,1.4734153
2021-10-29,1.4517791
2021-11-05,1.3940483
2021-11-12,1.3248187
2021-11-19,1.2320093
2021-11-26,1.1307529
2021-12-03,1.1112533
2021-12-10,0.99767536
2021-12-17,1.0276026
2021-12-24,1.0189098
2021-12-31,1.0387899
2022-01-07,1.1131145
2022-01-14,1.1187595
2022-01-21,1.1229908
2022-01-28,1.1411053
2022-02-04,1.2288289
2022-02-11,1.2955197
2022-02-18,1.2511888
2022-02-25,1.3019292
2022-03-04,1.4099249
2022-03-11,1.459592
2022-03-18,1.5364693
2022-03-25,1.4369552
2022-04-01,1.43136
2022-04-08,1.3015999
2022-04-15,1.3443497
2022-04-22,1.278868
2022-04-29,1.239175
2022-05-06,1.3364913
2022-05-13,1.2846652
2022-05-20,1.2521627
2022-05-27,1.2303131
2022-06-03,1.2366835
2022-06-10,1.2756407
2022-06-17,1.2632121
2022-06-24,1.2093849
2022-07-01,1.2037174
2022-07-08,1.2541411
2022-07-15,1.1899852
2022-07-22,1.1343241
2022-07-29,1.0953313
2022-08-05,1.1371412
2022-08-12,1.0924037
2022-08-19,1.0856353
2022-08-26,1.0912783
2022-09-02,1.1078858
2022-09-09,1.0966796
2022-09-16,1.0348785
2022-09-23,1.0206943
2022-09-30,0.89080393
2022-10-07,0.847534
2022-10-14,0.88214856
2022-10-21,0.7985502
2022-10-28,0.84755284
2022-11-04,0.8812056
2022-11-11,0.8951884
2022-11-18,0.86826855
2022-11-25,0.8596248
2022-12-02,0.80964446
2022-12-09,0.72677517
2022-12-16,0.7114892
2022-12-23,0.6958519
2022-12-30,0.7039204
2023-01-06,0.75771606
2023-01-13,0.76224494
2023-01-20,0.81205827
2023-01-27,0.86240834
2023-02-03,0.89746857
2023-02-10,0.82584214
2023-02-17,0.8806441
2023-02-24,0.8329606
2023-03-03,0.8325816
2023-03-10,0.90195817
2023-03-17,0.83689827
2023-03-24,0.710855
2023-03-31,0.76602244
2023-04-07,0.7899566
2023-04-14,0.84924835
2023-04-21,0.84730303
2023-04-28,0.8023679
2023-05-05,0.7886994
2023-05-12,0.7766245
2023-05-19,0.7018701
2023-05-26,0.66782844
2023-06-02,0.658313
2023-06-09,0.6404332
2023-06-16,0.60933375
2023-06-23,0.5850994
2023-06-30,0.56484896
2023-07-07,0.54650927
2023-07-14,0.5581478
2023-07-21,0.62242496
2023-07-28,0.678678
2023-08-04,0.74793196
2023-08-11,0.75235766
2023-08-18,0.7048172
2023-08-25,0.6626162
2023-09-01,0.6995134
2023-09-08,0.75255275
2023-09-15,0.7645708
2023-09-22,0.7933981
2023-09-29,0.7317774
2023-10-06,0.7034309
2023-10-13,0.6934371
2023-10-20,0.69809
2023-10-27,0.6846254
2023-11-03,0.6737883
2023-11-10,0.6747982
2023-11-17,0.6709617
2023-11-24,0.67071295
2023-12-01,0.6791049
2023-12-08,0.8044197
2023-12-15,0.7158189
2023-12-22,0.7030733
2023-12-29,0.69507325
2024-01-05,0.6989338
2024-01-12,0.70398885
2024-01-19,0.7971606
2024-01-26,0.86353135
2024-02-02,0.86761504
2024-02-09,0.89953965
2024-02-16,0.90597177
2024-02-23,0.92887527
2024-03-01,0.8898911
2024-03-08,0.8722444
2024-03-15,0.7904088
2024-03-22,0.8110201
2024-03-29,0.84625703
2024-04-05,0.8588916
2024-04-12,0.86584073
2024-04-19,0.8338213
2024-04-26,0.79926187
2024-05-03,0.8143327
2024-05-10,0.726024
2024-05-17,0.72008276
2024-05-24,0.6933058
2024-05-31,0.75477606
2024-06-07,0.71482843
2024-06-14,0.71645504
2024-06-21,0.7695955
2024-06-28,0.7971698
2024-07-05,0.84945065
2024-07-12,0.8647558
2024-07-19,0.8158053
2024-07-26,0.804813
2024-08-02,0.8155868
2024-08-09,0.78706926
2024-08-16,0.7729129
2024-08-23,0.7647344
2024-08-30,0.8044549
2024-09-06,0.7896767
2024-09-13,0.72107047
2024-09-20,0.69307643
2024-09-27,0.6784638
2024-10-04,0.6241968
2024-10-11,0.78341097
2024-10-18,0.783811
2024-10-25,0.7839837
2024-11-01,0.784415
2024-11-08,0.79040277
2024-11-15,0.8097371
2024-11-22,0.8194666
2024-11-29,0.84100527
2024-12-06,0.8578039
2024-12-13,0.7840835
2024-12-20,0.7970391
2024-12-27,0.7940628
2025-01-03,0.7989323
2025-01-10,0.871304
2025-01-17,0.885479
2025-01-24,0.95114446
2025-01-31,0.9369381
2025-02-07,0.9154547
2025-02-14,0.90143865
2025-02-21,0.90325713
2025-02-28,0.9052898
2025-03-07,0.9342641
2025-03-14,0.8787739
2025-03-21,0.87325984
2025-03-28,0.89078295
2025-04-04,0.8802231
2025-04-11,0.7928415
2025-04-18,0.77200323
2025-04-25,0.86223584
2025-05-02,0.88920635
2025-05-09,0.7609752
2025-05-16,0.71850926
2025-05-23,0.7390929
2025-05-30,0.7442133
2025-06-06,0.7374527
2025-06-13,0.7799819
2025-06-20,0.82746595
2025-06-27,0.8155947
2025-07-04,0.7662408
2025-07-11,0.747413
